--classrooms
INSERT INTO classroom (zip, street, city, seating_capacity)
VALUES
  ('27-61', 'Ap #940-7209 Est St.', 'Lewiston', 17),
  ('27-61', 'Ap #940-7209 Est St.', 'Lewiston', 34),
  ('27-61', 'Ap #940-7209 Est St.', 'Lewiston', 21),
  ('27-61', 'Ap #940-7209 Est St.', 'Lewiston', 21),
  ('27-61', 'Ap #940-7209 Est St.', 'Lewiston', 14),
  ('27-61', 'Ap #940-7209 Est St.', 'Lewiston', 12),
  ('27-61', 'Ap #940-7209 Est St.', 'Lewiston', 18),
  ('27-61', 'Ap #940-7209 Est St.', 'Lewiston', 11),
  ('27-61', 'Ap #940-7209 Est St.', 'Lewiston', 15),
  ('27-61', 'Ap #940-7209 Est St.', 'Lewiston', 19);

INSERT INTO classroom (zip, street, city, seating_capacity)
VALUES
  ('27-61', 'Ap #940-7209 Est St.', 'Lewiston', 12),
  ('27-61', 'Ap #940-7209 Est St.', 'Lewiston', 23),
  ('27-61', 'Ap #940-7209 Est St.', 'Lewiston', 12),
  ('27-61', 'Ap #940-7209 Est St.', 'Lewiston', 16),
  ('27-61', 'Ap #940-7209 Est St.', 'Lewiston', 14),
  ('27-61', 'Ap #940-7209 Est St.', 'Lewiston', 22),
  ('27-61', 'Ap #940-7209 Est St.', 'Lewiston', 19),
  ('27-61', 'Ap #940-7209 Est St.', 'Lewiston', 46),
  ('27-61', 'Ap #940-7209 Est St.', 'Lewiston', 42),
  ('27-61', 'Ap #940-7209 Est St.', 'Lewiston', 50);

  -- Inserting sample data into the instrument table
INSERT INTO instrument (brand, instrument_type, price)
VALUES
  ('Yamaha', 'wind', 155),
  ( 'Fender', 'string', 225),
  ( 'Pearl', 'percussion', 445),
  ('Selmer', 'brass', 545),
  ( 'Roland', 'keyboard', 350),
  ('Gibson', 'electric', 411),
  ( 'Shure', 'vocal', 441),
  ( 'Buffet', 'woodwind', 250),
  ( 'Korg', 'synthesizer', 300),
  ( 'Martin', 'folk', 190),
  ( 'Meinl', 'world', 900),
  ( 'Moog', 'electronic', 550),
  ('Other Brand', 'other', 500);


--insert into phone table
INSERT INTO phone (phone_number)
VALUES
  ('04 31 02 43 33'),
  ('09 66 38 51 64'),
  ('03 17 88 13 06'),
  ('06 51 50 86 18'),
  ('08 28 41 99 99'),
  ('05 72 73 10 33'),
  ('03 77 68 84 83'),
  ('07 03 07 64 45'),
  ('04 65 21 21 82'),
  ('02 93 19 07 63');
INSERT INTO phone (phone_number)
VALUES
  ('02 87 66 77 40'),
  ('02 64 85 91 83'),
  ('03 45 48 44 83'),
  ('02 21 65 27 93'),
  ('05 86 76 86 22'),
  ('05 52 85 85 34'),
  ('02 83 48 42 71'),
  ('06 88 83 63 07'),
  ('05 43 85 66 07'),
  ('05 60 07 57 26');
INSERT INTO phone (phone_number)
VALUES
  ('05 56 84 01 36'),
  ('02 75 23 24 18'),
  ('05 60 45 85 73'),
  ('08 33 85 27 39'),
  ('06 97 32 12 51'),
  ('05 77 86 54 97'),
  ('02 76 89 46 76'),
  ('03 53 38 45 99'),
  ('07 12 85 63 63'),
  ('03 07 66 29 47');
INSERT INTO phone (phone_number)
VALUES
  ('08 86 81 47 27'),
  ('02 34 71 28 40'),
  ('04 97 46 42 19'),
  ('05 26 11 36 57'),
  ('08 98 31 70 18'),
  ('08 77 73 97 75'),
  ('03 37 66 17 10'),
  ('01 60 48 67 28'),
  ('01 65 43 63 19'),
  ('04 66 36 78 83');
INSERT INTO phone (phone_number)
VALUES
  ('05 14 50 43 32'),
  ('06 75 56 26 53'),
  ('09 71 19 17 67'),
  ('08 05 70 91 92'),
  ('04 39 17 30 46'),
  ('06 36 38 82 62'),
  ('06 29 57 12 00'),
  ('04 39 22 95 48'),
  ('04 50 90 65 61'),
  ('04 98 64 18 30');
INSERT INTO phone (phone_number)
VALUES
  ('09 58 61 19 17'),
  ('08 82 13 66 79'),
  ('03 03 45 31 97'),
  ('03 35 40 49 63'),
  ('02 67 26 97 49'),
  ('02 93 13 62 12'),
  ('03 21 97 52 37'),
  ('09 06 81 15 82'),
  ('03 21 57 27 28'),
  ('08 69 60 32 76');
INSERT INTO phone (phone_number)
VALUES
  ('03 53 26 55 76'),
  ('06 47 81 77 42'),
  ('07 15 28 81 36'),
  ('02 63 71 80 77'),
  ('04 88 04 61 99'),
  ('09 32 47 07 67'),
  ('02 15 20 46 53'),
  ('07 78 23 65 51'),
  ('01 32 74 58 61'),
  ('08 91 26 17 15');
INSERT INTO phone (phone_number)
VALUES
  ('06 42 17 22 54'),
  ('07 86 22 56 54'),
  ('02 45 15 93 02'),
  ('04 56 26 43 34'),
  ('02 37 56 88 47'),
  ('05 63 64 65 66'),
  ('02 85 58 83 23'),
  ('02 47 43 23 31'),
  ('07 49 14 24 15'),
  ('02 64 24 88 44');
INSERT INTO phone (phone_number)
VALUES
  ('02 68 53 37 73'),
  ('06 21 01 36 61'),
  ('04 41 36 35 17'),
  ('05 14 46 34 85'),
  ('04 09 43 85 73'),
  ('06 96 83 28 36'),
  ('04 21 01 64 31'),
  ('01 10 37 57 94'),
  ('08 39 25 33 38'),
  ('07 17 86 15 16');
INSERT INTO phone (phone_number)
VALUES
  ('02 24 00 74 82'),
  ('04 50 95 72 23'),
  ('06 67 64 58 58'),
  ('07 85 46 75 71'),
  ('01 16 69 61 53'),
  ('06 07 73 68 73'),
  ('06 43 95 02 34'),
  ('08 77 23 33 61'),
  ('06 51 68 88 81'),
  ('08 23 02 82 72');
INSERT INTO phone (phone_number)
VALUES
  ('08 51 07 21 17'),
  ('04 79 60 17 12'),
  ('05 87 48 82 43'),
  ('04 66 60 95 51'),
  ('07 71 85 36 10'),
  ('06 93 15 65 53'),
  ('04 09 95 22 53'),
  ('04 74 48 61 73'),
  ('02 68 84 84 54'),
  ('04 68 67 52 60');
INSERT INTO phone (phone_number)
VALUES
  ('08 56 16 75 37'),
  ('02 27 57 63 41'),
  ('05 52 97 12 82'),
  ('02 37 06 52 49'),
  ('07 18 67 85 46'),
  ('05 82 56 38 58'),
  ('08 24 30 93 92'),
  ('03 15 31 27 63'),
  ('04 53 88 66 45'),
  ('06 85 48 62 53');
INSERT INTO phone (phone_number)
VALUES
  ('04 42 37 14 03'),
  ('06 66 97 31 95'),
  ('06 20 62 02 07'),
  ('06 02 14 47 13'),
  ('06 38 41 18 65'),
  ('03 47 72 79 00'),
  ('04 54 72 72 11'),
  ('07 12 26 73 89'),
  ('02 34 26 21 89'),
  ('01 43 13 13 10');
INSERT INTO phone (phone_number)
VALUES
  ('05 39 56 17 88'),
  ('09 85 47 05 53'),
  ('02 33 46 28 19'),
  ('06 92 74 42 27'),
  ('01 23 22 63 66'),
  ('06 71 78 17 14'),
  ('02 77 08 21 54'),
  ('04 24 11 27 61'),
  ('07 12 81 63 66'),
  ('08 79 30 47 07');

-- Inserting sample data into the pricing_scheme table
INSERT INTO pricing_scheme (price, lesson_level, lesson_type)
VALUES
  (50.0, 'beginner', 'individual'),
  (75.0, 'intermediate', 'individual'),
  (100.0, 'advanced', 'individual'),
  (30.0, 'beginner', 'group'),
  (50.0, 'intermediate', 'group'),
  (75.0, 'advanced', 'group'),
  (100.0, 'beginner', 'ensemble'),
  (150.0, 'intermediate', 'ensemble'),
  (200.0, 'advanced', 'ensemble');

  INSERT INTO student (person_id, present_skill, siblings_id)
VALUES
(21, 'beginner', '6139'),
(22, 'intermediate', '6138'),
(23, 'advanced', NULL),
(24, 'beginner', '6138'),
(25, 'intermediate', NULL),
(26, 'advanced', '6138'),
(27, 'beginner', NULL),
(28, 'intermediate', '6138'),
(29, 'advanced', NULL),
(30, 'beginner', '6139');
INSERT INTO student (person_id, present_skill, siblings_id)
VALUES
(31, 'beginner', NULL),
(32, 'intermediate', NULL),
(33, 'advanced', NULL),
(34, 'beginner', NULL),
(35, 'intermediate', '1234'),
(36, 'advanced', '1234'),
(37, 'beginner', '2134'),
(38, 'intermediate', '2134'),
(39, 'advanced', '2134'),
(40, 'beginner', NULL);

INSERT INTO student (person_id, present_skill, siblings_id)
VALUES
(41, 'intermediate', NULL),
(42, 'advanced', NULL),
(43, 'beginner', NULL),
(44, 'intermediate', '3344'),
(45, 'advanced', '3344'),
(46, 'beginner', '3333'),
(47, 'intermediate', '3333'),
(48, 'advanced', '3333'),
(49, 'beginner', '6578'),
(50, 'intermediate', '6579');

INSERT INTO student (person_id, present_skill, siblings_id)
VALUES
(51, 'advanced', NULL),
(52, 'beginner', NULL),
(53, 'intermediate', '6578'),
(54, 'advanced', NULL),
(55, 'beginner', '6579'),
(56, 'intermediate', NULL),
(57, 'advanced', NULL),
(58, 'beginner', NULL),
(59, 'intermediate', NULL),
(60, 'advanced', '1122');

INSERT INTO student (person_id, present_skill, siblings_id)
VALUES
(61, 'beginner', NULL),
(62, 'intermediate', '1122'),
(63, 'advanced', '1122'),
(64, 'beginner', NULL),
(65, 'intermediate', '1514'),
(66, 'advanced', NULL),
(67, 'beginner', NULL),
(68, 'intermediate', NULL),
(69, 'advanced', NULL),
(70, 'beginner', NULL);

INSERT INTO student (person_id, present_skill, siblings_id)
VALUES
(71, 'intermediate', '3122'),
(72, 'advanced', NULL),
(73, 'beginner', NULL),
(74, 'intermediate', NULL),
(75, 'advanced', '1514'),
(76, 'beginner', '3122'),
(77, 'intermediate', NULL),
(78, 'advanced', NULL),
(79, 'beginner', NULL),
(80, 'intermediate', NULL);

INSERT INTO student (person_id, present_skill, siblings_id)
VALUES
(81, 'advanced', NULL),
(82, 'beginner', NULL),
(83, 'intermediate', NULL),
(84, 'advanced', NULL),
(85, 'beginner', '3126'),
(86, 'intermediate', '3126'),
(87, 'advanced', NULL),
(88, 'beginner', NULL),
(89, 'intermediate', NULL),
(90, 'advanced', NULL),
(91, 'beginner', NULL);

INSERT INTO instructor (person_id, teaches_ensemble)
VALUES
  (1, false),
  (2, true),
  (3, false),
  (4, true),
  (5, false),
  (6, true),
  (7, false),
  (8, true),
  (9, false),
  (10, true),
  (11, false),
  (12, true),
  (13, false),
  (14, true),
  (15, false),
  (16, true),
  (17, false),
  (18, true),
  (19, false),
  (20, true);



INSERT INTO lesson (price_id, start_time, end_time, instructor_id, classroom_id)
VALUES
  (1, '2023-12-01 08:00:00', '2023-12-01 09:30:00', 30, 1),
  (2, '2023-12-02 09:45:00', '2023-12-02 11:15:00', 26, 2),
  (3, '2023-12-03 11:30:00', '2023-12-03 13:00:00', 34, 3),
  (4, '2023-12-04 13:15:00', '2023-12-04 14:45:00', 25, 4),
  (5, '2023-12-05 15:00:00', '2023-12-05 16:30:00', 39, 5),
  (6, '2023-12-06 16:45:00', '2023-12-06 18:15:00', 27, 6),
  (7, '2023-12-07 18:30:00', '2023-12-07 20:00:00', 31, 7),
  (8, '2023-12-08 20:15:00', '2023-12-08 21:45:00', 28, 8),
  (9, '2023-12-09 10:30:00', '2023-12-09 12:00:00', 33, 9),
  (1, '2023-12-10 14:00:00', '2023-12-10 15:30:00', 40, 10),
  (2, '2023-12-11 16:45:00', '2023-12-11 18:15:00', 23, 11),
  (3, '2023-12-12 19:30:00', '2023-12-12 21:00:00', 37, 12),
  (4, '2023-12-13 08:00:00', '2023-12-13 09:30:00', 29, 13),
  (5, '2023-12-14 10:45:00', '2023-12-14 12:15:00', 35, 14),
  (6, '2023-12-15 14:30:00', '2023-12-15 16:00:00', 22, 15),
  (7, '2023-12-16 16:15:00', '2023-12-16 17:45:00', 38, 16),
  (8, '2023-12-17 18:00:00', '2023-12-17 19:30:00', 32, 17),
  (9, '2023-12-18 20:45:00', '2023-12-18 22:15:00', 36, 18),
  (4, '2023-12-19 14:45:00', '2023-12-19 16:15:00', 24, 3),
  (5, '2023-12-20 16:30:00', '2023-12-20 18:00:00', 40, 7),
  (6, '2023-12-21 18:15:00', '2023-12-21 19:45:00', 30, 11),
  (7, '2023-12-22 20:30:00', '2023-12-22 22:00:00', 34, 15),
  (8, '2024-01-02 08:00:00', '2024-01-02 09:30:00', 26, 2),
  (9, '2024-01-03 09:45:00', '2024-01-03 11:15:00', 39, 6),
  (1, '2024-01-04 11:30:00', '2024-01-04 13:00:00', 33, 10),
  (2, '2024-01-05 13:15:00', '2024-01-05 14:45:00', 37, 14),
  (3, '2024-02-14 15:00:00', '2024-02-14 16:30:00', 27, 4),
  (4, '2024-02-15 16:45:00', '2024-02-15 18:15:00', 31, 8),
  (5, '2024-02-16 18:30:00', '2024-02-16 20:00:00', 35, 12),
  (6, '2024-02-17 20:15:00', '2024-02-17 21:45:00', 40, 16),
  (7, '2024-03-03 10:30:00', '2024-03-03 12:00:00', 28, 5),
  (8, '2024-03-04 14:00:00', '2024-03-04 15:30:00', 32, 9),
  (9, '2024-03-05 16:45:00', '2024-03-05 18:15:00', 36, 13),
  (1, '2024-03-06 18:30:00', '2024-03-06 20:00:00', 22, 17),
  (2, '2024-05-01 10:00:00', '2024-05-01 11:30:00', 30, 1),
  (3, '2024-05-02 12:15:00', '2024-05-02 13:45:00', 34, 5),
  (4, '2024-05-03 14:30:00', '2024-05-03 16:00:00', 38, 9),
  (5, '2024-05-04 16:15:00', '2024-05-04 17:45:00', 32, 13),
  (6, '2024-06-10 18:00:00', '2024-06-10 19:30:00', 27, 2),
  (7, '2024-06-11 20:45:00', '2024-06-11 22:15:00', 39, 6),
  (8, '2024-06-12 10:00:00', '2024-06-12 11:30:00', 33, 10),
  (9, '2024-06-13 12:15:00', '2024-06-13 13:45:00', 37, 14),
  (1, '2024-07-01 14:30:00', '2024-07-01 16:00:00', 28, 3),
  (2, '2024-07-02 16:15:00', '2024-07-02 17:45:00', 32, 7),
  (3, '2024-07-03 18:00:00', '2024-07-03 19:30:00', 36, 11),
  (4, '2024-07-04 20:45:00', '2024-07-04 22:15:00', 40, 15);


  INSERT INTO contact_person (relation, person_id, student_id)
VALUES
  ('Parent', 92, 1),
  ('Sibling', 93, 2),
  ('Guardian', 94, 3),
  ('Spouse', 95, 4),
  ('Friend', 96, 5),
  ('Parent', 97, 6),
  ('Sibling', 98, 7),
  ('Guardian', 99, 8),
  ('Spouse', 100, 9),
  ('Friend', 101, 10),
  ('Parent', 102, 11),
  ('Sibling', 103, 12),
  ('Guardian', 104, 13),
  ('Spouse', 105, 14),
  ('Friend', 106, 15),
  ('Parent', 107, 16),
  ('Sibling', 108, 17),
  ('Guardian', 109, 18),
  ('Spouse', 110, 19),
  ('Friend', 111, 20),
  ('Parent', 112, 21),
  ('Sibling', 113, 22),
  ('Guardian', 114, 23),
  ('Spouse', 115, 24),
  ('Friend', 116, 25),
  ('Parent', 117, 26),
  ('Sibling', 118, 27),
  ('Guardian', 119, 28),
  ('Spouse', 120, 29),
  ('Friend', 121, 30),
  ('Parent', 122, 31),
  ('Sibling', 123, 32),
  ('Guardian', 124, 33),
  ('Spouse', 125, 34),
  ('Friend', 126, 35),
  ('Parent', 127, 36),
  ('Sibling', 128, 37),
  ('Guardian', 129, 38),
  ('Spouse', 130, 39),
  ('Friend', 131, 40),
  ('Parent', 132, 41),
  ('Sibling', 133, 42),
  ('Guardian', 134, 43),
  ('Spouse', 135, 44),
  ('Friend', 136, 45),
  ('Parent', 137, 46),
  ('Sibling', 138, 47),
  ('Guardian', 139, 48),
  ('Spouse', 140, 49),
  ('Friend', 120, 50),
  ('Parent', 121, 51),
  ('Sibling', 122, 52),
  ('Guardian', 123, 53),
  ('Spouse', 124, 54),
  ('Friend', 125, 55),
  ('Parent', 126, 56),
  ('Sibling', 127, 57),
  ('Guardian', 128, 58),
  ('Spouse', 129, 59),
  ('Friend', 130, 60),
  ('Parent', 131, 61),
  ('Sibling', 132, 62),
  ('Guardian', 133, 63),
  ('Spouse', 134, 64),
  ('Friend', 135, 65),
  ('Parent', 136, 66),
  ('Sibling', 137, 67),
  ('Guardian', 138, 68),
  ('Spouse', 139, 69),
  ('Friend', 140, 70);

INSERT INTO instructor_instrument (instructor_id,instrument_id)
VALUES
  (22,7),
  (23,6),
  (24,9),
  (25,8),
  (26,12),
  (27,13),
  (28,1),
  (29,6),
  (30,4),
  (31,10);
INSERT INTO instructor_instrument (instructor_id,instrument_id)
VALUES
  (32,5),
  (33,10),
  (34,2),
  (35,4),
  (36,3),
  (37,13),
  (38,6),
  (39,3),
  (40,12),
  (41,11);




INSERT INTO person_phone (phone_id,person_id)
VALUES
  (1,1),
  (2,2),
  (3,3),
  (4,4),
  (5,5),
  (6,6),
  (7,7),
  (8,8),
  (9,9),
  (10,10);
INSERT INTO person_phone (phone_id,person_id)
VALUES
  (11,11),
  (12,12),
  (13,13),
  (14,14),
  (15,15),
  (16,16),
  (17,17),
  (18,18),
  (19,19),
  (20,20);
INSERT INTO person_phone (phone_id,person_id)
VALUES
  (21,21),
  (22,22),
  (23,23),
  (24,24),
  (25,25),
  (26,26),
  (27,27),
  (28,28),
  (29,29),
  (30,30);
INSERT INTO person_phone (phone_id,person_id)
VALUES
  (31,31),
  (32,32),
  (33,33),
  (34,34),
  (35,35),
  (36,36),
  (37,37),
  (38,38),
  (39,39),
  (40,40);
INSERT INTO person_phone (phone_id,person_id)
VALUES
  (41,41),
  (42,42),
  (43,43),
  (44,44),
  (45,45),
  (46,46),
  (47,47),
  (48,48),
  (49,49),
  (50,50);
INSERT INTO person_phone (phone_id,person_id)
VALUES
  (51,51),
  (52,52),
  (53,53),
  (54,54),
  (55,55),
  (56,56),
  (57,57),
  (58,58),
  (59,59),
  (60,60);
INSERT INTO person_phone (phone_id,person_id)
VALUES
  (61,61),
  (62,62),
  (63,63),
  (64,64),
  (65,65),
  (66,66),
  (67,67),
  (68,68),
  (69,69),
  (70,70);
INSERT INTO person_phone (phone_id,person_id)
VALUES
  (71,71),
  (72,72),
  (73,73),
  (74,74),
  (75,75),
  (76,76),
  (77,77),
  (78,78),
  (79,79),
  (80,80);
INSERT INTO person_phone (phone_id,person_id)
VALUES
  (81,81),
  (82,82),
  (83,83),
  (84,84),
  (85,85),
  (86,86),
  (87,87),
  (88,88),
  (89,89),
  (90,90);
INSERT INTO person_phone (phone_id,person_id)
VALUES
  (91,91),
  (92,92),
  (93,93),
  (94,94),
  (95,95),
  (96,96),
  (97,97),
  (98,98),
  (99,99),
  (100,100);
INSERT INTO person_phone (phone_id,person_id)
VALUES
  (101,101),
  (102,102),
  (103,103),
  (104,104),
  (105,105),
  (106,106),
  (107,107),
  (108,108),
  (109,109),
  (110,110);
INSERT INTO person_phone (phone_id,person_id)
VALUES
  (111,111),
  (112,112),
  (113,113),
  (114,114),
  (115,115),
  (116,116),
  (117,117),
  (118,118),
  (119,119),
  (120,120);
INSERT INTO person_phone (phone_id,person_id)
VALUES
  (121,121),
  (122,122),
  (123,123),
  (124,124),
  (125,125),
  (126,126),
  (127,127),
  (128,128),
  (129,129),
  (130,130);
INSERT INTO person_phone (phone_id,person_id)
VALUES
  (131,131),
  (132,132),
  (133,133),
  (134,134),
  (135,135),
  (136,136),
  (137,137),
  (138,138),
  (139,139),
  (140,140);


INSERT INTO instructor_instrument (instructor_id,instrument_id)
VALUES
  (22,7),
  (23,6),
  (24,9),
  (25,8),
  (26,12),
  (27,13),
  (28,1),
  (29,6),
  (30,4),
  (31,10);
INSERT INTO instructor_instrument (instructor_id,instrument_id)
VALUES
  (32,5),
  (33,10),
  (34,2),
  (35,4),
  (36,3),
  (37,13),
  (38,6),
  (39,3),
  (40,12),
  (41,11);


INSERT INTO student_lessons (lesson_id,student_id)
VALUES
  (1,1),
  (2,1),
  (3,1),
  (4,2),
  (5,2),
  (6,2),
  (7,3),
  (8,4),
  (9,5),
  (10,6);
INSERT INTO student_lessons (lesson_id,student_id)
VALUES
  (11,7),
  (12,7),
  (13,7),
  (14,8),
  (15,9),
  (16,9),
  (17,10),
  (18,10),
  (19,11),
  (20,11);
INSERT INTO student_lessons (lesson_id,student_id)
VALUES
  (21,12),
  (22,12),
  (23,13),
  (24,14),
  (25,15),
  (26,16),
  (27,16),
  (28,17),
  (29,17),
  (30,18);
INSERT INTO student_lessons (lesson_id,student_id)
VALUES
  (31,18),
  (32,19),
  (33,20),
  (34,20),
  (35,20),
  (36,21),
  (37,21),
  (38,21),
  (39,22),
  (40,22);
INSERT INTO student_lessons (lesson_id,student_id)
VALUES
  (41,23),
  (42,24),
  (43,24),
  (44,24),
  (45,25),
  (46,26);

  INSERT INTO student_lessons (lesson_id,student_id)
VALUES
  (1,25),
  (2,26),
  (3,27),
  (4,27),
  (5,27),
  (6,27),
  (7,28),
  (8,29),
  (9,30),
  (10,31);
INSERT INTO student_lessons (lesson_id,student_id)
VALUES
  (11,32),
  (12,32),
  (13,32),
  (14,33),
  (15,33),
  (16,33),
  (17,34),
  (18,34),
  (19,34),
  (20,34);
INSERT INTO student_lessons (lesson_id,student_id)
VALUES
  (21,35),
  (22,36),
  (23,37),
  (24,38),
  (25,39),
  (26,39),
  (27,40),
  (28,40),
  (29,41),
  (30,41);
INSERT INTO student_lessons (lesson_id,student_id)
VALUES
  (31,42),
  (32,43),
  (33,43),
  (34,43),
  (35,44),
  (36,45),
  (37,45),
  (38,45),
  (39,46),
  (40,46);
INSERT INTO student_lessons (lesson_id,student_id)
VALUES
  (41,47),
  (42,47),
  (43,48),
  (44,48),
  (45,48),
  (46,49);


INSERT INTO ensembles (lesson_id, minimum_nr_of_stundents, maximum_nr_of_students, ensamble_genre)
VALUES
  (1, 5, 10, 'jazz ensemble'),
  (2, 8, 15, 'classical orchestra'),
  (3, 4, 8, 'folk group'),
  (4, 6, 12, 'rock band'),
  (5, 7, 14, 'pop ensemble'),
  (6, 5, 10, 'blues group'),
  (7, 8, 15, 'country band'),
  (8, 6, 12, 'world music ensemble'),
  (9, 7, 14, 'hip-hop collective'),
  (10, 5, 10, 'reggae band'),
  (11, 8, 15, 'indie rock ensemble'),
  (12, 6, 12, 'electronic music group'),
  (13, 7, 14, 'experimental ensemble');

  INSERT INTO group_lesson (lesson_id, lesson_level, minimum_nr_of_stundents, maximum_nr_of_students, instrument)
VALUES
  (13, 'beginner', 5, 10, 'guitar'),
  (14, 'intermediate', 8, 15, 'piano'),
  (15, 'advanced', 4, 8, 'violin'),
  (16, 'beginner', 6, 12, 'drums'),
  (17, 'intermediate', 7, 14, 'saxophone'),
  (18, 'advanced', 5, 10, 'trumpet'),
  (19, 'beginner', 8, 15, 'flute'),
  (20, 'intermediate', 6, 12, 'clarinet');


  INSERT INTO individual_lesson (lesson_id, instrument, lesson_level)
VALUES
  (21, 'piano', 'beginner'),
  (22, 'guitar', 'intermediate'),
  (23, 'violin', 'advanced'),
  (24, 'drums', 'beginner'),
  (25, 'saxophone', 'intermediate'),
  (26, 'trumpet', 'advanced'),
  (27, 'flute', 'beginner'),
  (28, 'clarinet', 'intermediate'),
  (29, 'bass guitar', 'advanced'),
  (30, 'keyboard', 'beginner'),
  (31, 'cello', 'intermediate'),
  (32, 'trombone', 'advanced'),
  (33, 'banjo', 'beginner'),
  (34, 'accordion', 'intermediate'),
  (35, 'ukulele', 'advanced'),
  (36, 'mandolin', 'beginner'),
  (37, 'oboe', 'intermediate'),
  (38, 'french horn', 'advanced'),
  (39, 'harmonica', 'beginner'),
  (40, 'bagpipes', 'intermediate'),
  (41, 'xylophone', 'advanced'),
  (42, 'bassoon', 'beginner'),
  (43, 'sitar', 'intermediate'),
  (44, 'djembe', 'advanced'),
  (45, 'marimba', 'beginner'),
  (46, 'synthesizer', 'intermediate');


  INSERT INTO rented_instrument (instrument_id)
VALUES
(1),
(2),
(3),
(4),
(5),
(6),
(7),
(8),
(9),
(10),
(11),
(12),
(13),
(1),
(2),
(3),
(4),
(5),
(6),
(7),
(8),
(9),
(10),
(11),
(12),
(13),
(1),
(2),
(3),
(4),
(5),
(6),
(7),
(8),
(9),
(10),
(11),
(12),
(13),
(1),
(2),
(3),
(4),
(5),
(6),
(7),
(8),
(9),
(10),
(11),
(12),
(13);

INSERT INTO instrument_rental (rented_instrument_id, student_id, start_of_rental, end_of_rental)
VALUES
  (1, 1, '2023-12-01 00:00:00.000000', '2024-01-01 00:00:00.000000'),
  (2, 2, '2023-12-02 00:00:00.000000', '2024-01-02 00:00:00.000000'),
  (3, 3, '2023-12-03 00:00:00.000000', '2024-01-03 00:00:00.000000'),
  (4, 4, '2023-12-04 00:00:00.000000', '2024-01-04 00:00:00.000000'),
  (5, 5, '2023-12-05 00:00:00.000000', '2024-01-05 00:00:00.000000'),
  (6, 6, '2023-12-06 00:00:00.000000', '2024-01-06 00:00:00.000000'),
  (7, 7, '2023-12-07 00:00:00.000000', '2024-01-07 00:00:00.000000'),
  (8, 8, '2023-12-08 00:00:00.000000', '2024-01-08 00:00:00.000000'),
  (9, 9, '2023-12-09 00:00:00.000000', '2024-01-09 00:00:00.000000'),
  (10, 10, '2023-12-10 00:00:00.000000', '2024-01-10 00:00:00.000000'),
  (11, 11, '2023-12-11 00:00:00.000000', '2024-01-11 00:00:00.000000'),
  (12, 12, '2023-12-12 00:00:00.000000', '2024-01-12 00:00:00.000000'),
  (13, 13, '2023-12-13 00:00:00.000000', '2024-01-13 00:00:00.000000');


